"id","user_id","essay_id","comment","commented_at"
"171","1","1","打卡","24/6/2023 08:45:27"
"172","2","1","好文章","24/6/2023 10:12:39"
"173","1","4","好难","24/6/2023 11:34:55"
"174","2","5","简单","24/6/2023 12:58:12"
"175","3","7","坚持","24/6/2023 14:23:29"
"176","1","10","好难","24/6/2023 15:47:43"
"177","3","1","图文并茂","24/6/2023 09:10:51"
"178","4","3","厉害了","24/6/2023 10:28:05"
"179","2","6","喜欢","24/6/2023 11:44:18"
"180","3","8","支持你","24/6/2023 13:06:31"
"181","4","2","顶一个","24/6/2023 14:30:43"
"182","1","25","很赞","24/6/2023 15:55:56"
"183","3","36","厉害了","24/6/2023 09:18:08"
"184","4","45","有用","24/6/2023 10:39:20"
"185","1","58","加油","24/6/2023 12:02:32"
"186","2","64","喜欢","24/6/2023 13:25:41"
"187","3","73","不错","24/6/2023 14:50:51"
"188","4","80","很赞","24/6/2023 16:13:59"
"189","1","1","好难","24/6/2023 08:26:06"
"190","3","2","简单","24/6/2023 09:47:14"
"191","2","3","厉害了","24/6/2023 11:11:22"
"192","4","4","顶一个","24/6/2023 12:34:29"
"193","1","7","喜欢","24/6/2023 13:57:36"
"194","3","9","支持你","24/6/2023 15:20:42"
"195","4","10","有用","24/6/2023 16:43:47"
"196","2","22","不错","24/6/2023 08:09:53"
"197","1","23","加油","24/6/2023 09:32:58"
"198","4","24","很赞","24/6/2023 10:56:02"
"199","3","26","喜欢","24/6/2023 12:19:06"
"200","2","28","厉害了","24/6/2023 13:42:09"
"201","1","30","支持你","24/6/2023 15:05:11"
"202","4","33","顶一个","24/6/2023 16:28:12"
"203","2","42","喜欢","24/6/2023 08:50:13"
"204","3","43","不错","24/6/2023 10:13:14"
"205","4","46","很赞","24/6/2023 11:36:15"
"206","1","49","加油","24/6/2023 12:59:15"
"207","3","51","喜欢","24/6/2023 14:22:15"
"208","2","53","厉害了","24/6/2023 15:45:14"
"209","1","56","支持你","24/6/2023 17:08:13"
"210","3","65","顶一个","24/6/2023 08:41:11"
"211","2","67","不错","24/6/2023 10:04:09"
"212","4","68","很赞","24/6/2023 11:27:06"
"213","1","71","加油","24/6/2023 12:50:03"
"214","3","73","喜欢","24/6/2023 14:12:59"
"215","2","86","厉害了","24/6/2023 15:35:54"
"216","1","89","支持你","24/6/2023 16:58:49"
"217","4","91","有用","24/6/2023 08:23:43"
"218","2","92","不错","24/6/2023 09:46:36"
"219","3","97","很赞","24/6/2023 11:09:29"
"220","1","99","加油","24/6/2023 12:32:22"
