"id","essay_type","title","description","content","view_count","favorite_count"
"1","1","你知道什么是营养学吗？","营养学是研究人类、动物和植物所需的营养素及其相互作用的科学。营养素是指身体需要的各种化学物质，包括碳水化合物、蛋白质、脂肪、维生素、矿物质和水等。营养学是一个涉及生物化学、分子生物学、生理学和营养科学等学科的交叉领域，对于人类的健康和疾病的预防和治疗起着至关重要的作用。","营养学是研究人类、动物和植物所需的营养素及其相互作用的科学。营养素是指身体需要的各种化学物质，包括碳水化合物、蛋白质、脂肪、维生素、矿物质和水等。营养学是一个涉及生物化学、分子生物学、生理学和营养科学等学科的交叉领域，对于人类的健康和疾病的预防和治疗起着至关重要的作用。

营养学研究的重点是了解不同营养素对人体的影响。营养学家通过研究营养素的消化、吸收和利用等过程来了解它们如何影响人体的健康和生理功能。营养学还研究了不同人群在不同阶段所需的营养素，例如孕妇、婴儿、儿童、青少年、成年人和老年人等。

营养学的研究范围不仅仅局限于人类的健康，还包括了动物和植物的健康。在动物营养学中，研究如何通过饲料和营养补充来改善动物的健康和生产性能。在植物营养学中，研究如何通过土壤和肥料的管理来提高植物的生产力和品质。

![assorted fruits and vegetables on green surface](https://images.unsplash.com/photo-1535914254981-b5012eebbd15?ixlib=rb-4.0.3&ixid=MnwxMjA3fDB8MHxzZWFyY2h8MTF8fG51dHJpdGlvbnxlbnwwfHwwfHw%3D&w=1000&q=80)

营养学对于人类的健康和疾病预防和治疗起着至关重要的作用。研究表明，不良的饮食习惯是导致许多疾病的重要因素之一，例如心血管疾病、肥胖、糖尿病、骨质疏松症等。营养学家可以通过制定健康的饮食计划和提供有关营养素的建议来预防和治疗这些疾病。

总的来说，营养学是研究营养素及其相互作用的科学，对于人类、动物和植物的健康和生产性能都起着至关重要的作用。营养学家通过研究营养素对身体的影响和制定健康的饮食计划来预防和治疗许多常见的疾病。在日常生活中，我们可以通过关注自己的饮食习惯，了解不同食物中的营养成分，摄入适当的营养素，以维持健康的生活方式。

此外，随着营养学的发展，人们越来越重视个性化营养，即根据个体的生理特征、饮食偏好、生活方式和疾病状况等制定个性化的饮食计划。这种个性化的营养方式能够更好地满足个体的需求，从而提高身体的健康水平。

在今天的社会中，随着生活方式和饮食结构的改变，人们的营养需求也在不断变化。因此，营养学的研究和实践也在不断地更新和改进，以适应不同人群的需求。通过了解营养学的基本知识和原理，我们可以更好地了解自己的身体需求，从而更好地保护我们的健康。","35","16"
"2","1","了解营养学分类，助您健康生活","营养学是研究食物中营养素的来源、作用、转化和利用等方面的科学。根据研究内容和对象的不同，营养学可以分为以下几个分类","营养学是研究食物中营养素的来源、作用、转化和利用等方面的科学。根据研究内容和对象的不同，营养学可以分为以下几个分类。

一、分子营养学 分子营养学是指研究食物中各种营养成分在细胞水平上的代谢和作用机制。主要包括蛋白质、碳水化合物、脂质、核酸等营养素的分子结构、合成、代谢和生物功能等方面的研究。通过分子营养学的研究，我们可以深入了解营养素的作用机制和对人体健康的影响。

二、生理营养学 生理营养学是指研究人体对营养素的吸收、转化、利用和排泄等方面的科学。主要包括人体消化吸收、营养素利用、代谢调节、排泄排泄等方面的研究。通过生理营养学的研究，我们可以了解人体对各种营养素的需求量和摄入量，为制定合理的饮食计划提供科学依据。

三、流行病学营养学 流行病学营养学是指研究不同地区、不同人群饮食习惯和营养状况的科学。主要包括人群的营养状况调查、食物消费和营养缺乏疾病等方面的研究。通过流行病学营养学的研究，我们可以了解不同人群的营养状况和食物消费情况，为制定针对性的营养政策和预防疾病提供科学依据。

四、临床营养学 临床营养学是指研究营养与疾病关系的科学。主要包括饮食对慢性疾病、肿瘤和感染等疾病的预防和治疗作用、营养支持治疗等方面的研究。通过临床营养学的研究，我们可以了解不同疾病对营养素的需求和吸收情况，为制定合理的膳食治疗方案提供科学依据。

五、食品营养学 食品营养学是指研究各种食物的营养成分和营养特性的科学。主要包括各种食物的成分、营养含量、烹饪处理和储存对营养成分的影响等方面的研究。通过食品营养学的研究，我们可以了解各种食物的营养价值和如何选择、烹饪和搭配食物，从而获得营养均衡的饮食。

六、分子营养遗传学 分子营养遗传学是指研究营养与遗传关系的科学。主要包括人类基因组和环境对营养需求的影响、基因多态性与营养相关性疾病的关系、营养素对基因表达和修饰的影响等方面的研究。通过分子营养遗传学的研究，我们可以了解人类基因组和营养之间的相互作用，为制定个性化的营养策略提供科学依据。

七、环境营养学 环境营养学是指研究环境对人类营养的影响的科学。主要包括环境污染对食物质量和营养素含量的影响、气候变化对农作物营养价值的影响、生物多样性和食品供应链对饮食健康的影响等方面的研究。通过环境营养学的研究，我们可以了解环境对营养和健康的影响，为制定环保饮食和健康饮食提供科学依据。

综上所述，营养学是一个复杂而多样的学科，不同的研究方向可以相互交叉和融合，共同为人类健康和生命质量的提高做出贡献。我们应该积极学习营养学知识，根据自身情况制定科学的膳食计划，保持营养均衡，促进身体健康。","22","13"
"3","1","营养素是人体的“燃料”，你摄入足够了吗？","作为人体正常运转所必需的物质，营养素的摄入与身体健康密不可分。在我们的日常饮食中，常见的营养素包括碳水化合物、蛋白质、脂肪、维生素和矿物质等。本文将会介绍这些常见营养素的作用和摄入量建议，帮助大家了解如何获得营养均衡的饮食。","作为人体正常运转所必需的物质，营养素的摄入与身体健康密不可分。在我们的日常饮食中，常见的营养素包括碳水化合物、蛋白质、脂肪、维生素和矿物质等。本文将会介绍这些常见营养素的作用和摄入量建议，帮助大家了解如何获得营养均衡的饮食。

一、碳水化合物 碳水化合物是人体最主要的能量来源。它们主要存在于谷物、面包、米饭、面条、蔬菜、水果等食物中。碳水化合物被摄入后会分解成葡萄糖，供给身体能量，同时也可以保护肌肉，预防脑部缺氧等作用。建议每天摄入的碳水化合物占总热量的50-60%。

二、蛋白质 蛋白质是构成人体各种组织和器官的基本物质，同时也参与许多生化过程。它们主要存在于肉类、蛋类、豆类、牛奶、鱼类等食物中。蛋白质不仅可以供给身体能量，还可以修复和维护组织器官，合成抗体、酶和激素等。建议每天摄入的蛋白质占总热量的10-15%。

三、脂肪 脂肪是人体重要的能量来源，同时也是细胞膜、神经系统和内分泌系统的组成成分。它们主要存在于肉类、奶制品、油脂、坚果、鱼类等食物中。脂肪可以维持体温、保护内脏、促进细胞再生，同时也可以增强免疫力、维护神经系统的健康。建议每天摄入的脂肪占总热量的20-30%，其中不饱和脂肪酸的摄入量要大于饱和脂肪酸。

四、维生素 维生素是人体正常生理功能所必需的有机化合物，主要存在于新鲜蔬菜、水果、谷物、肝脏、鸡蛋等食物中。不同的维生素有不同的作用，如维生素A可以维护视力和皮肤健康，维生素C可以促进免疫力，维生素D可以促进钙的吸收等。如果长期缺乏某种维生素，可能会导致多种疾病，如坏血病、佝偻病、贫血等。因此，建议每天多吃各类蔬菜和水果，以获得足够的维生素。

![red and brown medication pill](https://images.unsplash.com/photo-1622227922682-56c92e523e58?ixlib=rb-4.0.3&ixid=MnwxMjA3fDB8MHxzZWFyY2h8OXx8dml0YW1pbnxlbnwwfHwwfHw%3D&w=1000&q=80)

五、矿物质 矿物质是人体必需的无机化合物，包括钙、铁、锌、镁等。它们主要存在于牛奶、豆腐、海鲜、谷类等食物中。矿物质的作用包括维护骨骼健康、促进血液循环、维护免疫系统等。缺乏某种矿物质会导致各种健康问题，如缺钙会导致骨质疏松，缺铁会导致贫血等。因此，建议每天摄入足够的矿物质，以维护身体的正常生理功能。

在获得足够的各类营养素时，也需要根据自身情况进行合理的饮食安排。不同年龄、性别、身体状况和活动量都会对营养素的需求量产生影响。因此，建议在饮食时要注意搭配多样化的食物，避免过度依赖某种食物或营养素，以达到营养均衡的目的。

总之，营养素在人体生理活动中起着重要的作用，它们的作用和摄入量建议也是获得健康饮食的关键。建议每天根据自身情况，合理摄入各类营养素，以维护身体健康。","3","0"
"4","1","不足与过量如何影响我们的身体？","随着人们对健康的关注度不断提高，饮食营养也逐渐成为大家关注的话题。但是，过多或不足的营养素摄入可能会对身体产生负面影响。今天，我们将介绍一些常见的营养素，探讨它们过量或不足对身体健康的影响。","随着人们对健康的关注度不断提高，饮食营养也逐渐成为大家关注的话题。但是，过多或不足的营养素摄入可能会对身体产生负面影响。今天，我们将介绍一些常见的营养素，探讨它们过量或不足对身体健康的影响。

一、蛋白质 蛋白质是人体细胞组成的重要成分，也是身体内许多化学反应的催化剂。然而，如果摄入过多的蛋白质，会增加肾脏的负担，导致肾脏损伤。此外，过量的动物性蛋白质摄入还与心血管疾病的发生风险增加有关。因此，建议适量摄入蛋白质，每日推荐摄入量为每千克体重0.8克。

二、脂肪 脂肪是维持身体健康所必需的营养素，但是摄入过量的脂肪会导致肥胖、心血管疾病和其他健康问题。饱和脂肪酸和反式脂肪酸是最不健康的脂肪类型，建议尽量减少它们的摄入量。每日推荐脂肪总量为每千克体重1克左右。

三、碳水化合物 碳水化合物是提供能量的主要来源，但是摄入过多的简单碳水化合物（如蔗糖、果糖等）会导致肥胖、糖尿病等健康问题。建议优先选择复杂碳水化合物（如全谷类、蔬菜等），适量摄入每日推荐量为每千克体重3-5克。

四、维生素和矿物质 虽然维生素和矿物质在维持身体健康中起着至关重要的作用，但是过量或不足都会对身体产生负面影响。例如，维生素A过量摄入会导致中毒，维生素D缺乏则会导致骨质疏松。因此，建议适量摄入各种维生素和矿物质，避免不必要
同时，过量摄入维生素A也可能导致中毒症状，如头晕、恶心、呕吐、头痛等。此外，过量的维生素D也会导致中毒症状，包括高钙血症、肌肉无力、恶心、呕吐等。

总之，了解不同营养素的作用和适宜摄入量是保持健康的关键。摄入过量或不足都会对身体造成不良影响。要保持营养均衡，多样化饮食，适量运动，避免过度依赖任何一种食物或营养素。这是保持健康的重要因素之一。","4","1"
"5","1","至关重要的饮食计划","每个人的身体和生活习惯都不同，制定适合自己的饮食计划可以帮助我们保持健康。但是，许多人可能不知道如何制定合理的饮食计划。在本文中，我们将介绍如何安排三餐及小食，以及如何合理选择食物，帮助你制定健康的饮食计划。","每个人的身体和生活习惯都不同，制定适合自己的饮食计划可以帮助我们保持健康。但是，许多人可能不知道如何制定合理的饮食计划。在本文中，我们将介绍如何安排三餐及小食，以及如何合理选择食物，帮助你制定健康的饮食计划。

一、安排三餐及小食

每天的饮食应包括三餐和两个小食。早餐应该是一天中最重要的一餐，它可以帮助我们恢复体内能量并提高代谢率。午餐应该是一天中最丰盛的一餐，以满足我们在白天的能量需求。晚餐应该是最轻的一餐，以帮助我们消化和休息。两个小食应该在午餐和晚餐之间吃，以帮助我们保持能量和精神状态。

二、合理选择食物

碳水化合物

碳水化合物是我们身体所需的主要能量来源。应该尝试选择高纤维、低GI（血糖指数）的碳水化合物，如全麦面包、燕麦片、糙米和豆类等。避免摄入过多的加工食品、糖果和糕点等。

蛋白质

蛋白质是身体的重要组成部分，有助于修复和建立肌肉和其他组织。适量的蛋白质摄入可以帮助我们保持健康和充满活力。应该选择含有优质蛋白质的食品，如鱼类、鸡肉、蛋类和豆类等。

脂肪

虽然脂肪是我们身体必需的营养素之一，但是摄入过多的脂肪会增加患疾病的风险。应该选择健康的脂肪来源，如橄榄油、鱼类、坚果和葵花籽油等。避免过多摄入动物脂肪和反式脂肪。

维生素和矿物质

维生素和矿物质是身体健康所需的重要营养素。应该尝试从多种食物中获取不同的维生素和矿物质。

<img src=""https://images.unsplash.com/photo-1572357176061-7c96fd2af22f?ixlib=rb-4.0.3&ixid=MnwxMjA3fDB8MHxzZWFyY2h8N3x8ZGlldGFyeXxlbnwwfHwwfHw%3D&w=1000&q=80"" alt=""sliced broccoli and cucumber on plate with gray stainless steel fork near green bell pepper, snowpea, and avocado fruit"" style=""zoom:50%;"" />

第三步：合理选择食物

除了在饮食计划中考虑三餐及小食之外，选择食物也是非常重要的。以下是一些有益的建议，帮助您选择健康的食物。

1. 多吃蔬菜和水果：这些食物富含维生素、矿物质和纤维素，对身体有益，并且有助于维持健康的体重。
2. 选择富含蛋白质的食物：例如鱼、豆类、鸡肉和坚果。蛋白质对于建立和维持健康的肌肉和骨骼非常重要。
3. 选择富含健康脂肪的食物：例如鱼、坚果、橄榄油和鳄梨。这些食物中的健康脂肪可以有助于降低心脏病和中风的风险。
4. 选择富含复杂碳水化合物的食物：例如全麦面包、燕麦、全麦米饭和蔬菜。这些食物中的复杂碳水化合物可以提供持续的能量，并帮助控制血糖水平。
5. 控制摄入盐和糖的量：过量的盐和糖摄入可能会导致高血压、糖尿病和其他健康问题。尝试减少食物中添加的盐和糖的量，并选择低钠和低糖的食物。
6. 注意饮食中的脂肪和糖分：尽管脂肪和糖分是必需的，但摄入过量会导致健康问题。尝试选择低脂肪和低糖的食物，并注意食品标签中的脂肪和糖含量。
7. 多喝水：水对于身体的正常运作非常重要，尤其是在热天气或进行体力活动时。建议每天喝6至8杯水。

总之，制定一个合理的饮食计划并选择健康的食物是保持健康的重要一步。无论您的目标是控制体重、提高能量水平还是预防疾病，良好的饮食习惯都是必不可少的。","0","0"
"6","2","掌握健康饮食金字塔，建立科学的饮食习惯","在如今的快节奏生活中，越来越多的人对于饮食习惯的重要性越来越重视。而建立科学的饮食习惯不仅能够为身体健康提供保障，还能为我们提供更多的能量和动力。而健康饮食金字塔则是一种科学的指导，帮助我们制定合理的饮食计划，掌握健康饮食的窍门。","在如今的快节奏生活中，越来越多的人对于饮食习惯的重要性越来越重视。而建立科学的饮食习惯不仅能够为身体健康提供保障，还能为我们提供更多的能量和动力。而健康饮食金字塔则是一种科学的指导，帮助我们制定合理的饮食计划，掌握健康饮食的窍门。

一、健康饮食金字塔的定义

健康饮食金字塔是一种科学的饮食指导，旨在帮助人们建立科学的饮食习惯，提高营养水平，维护健康。金字塔从食物的种类和摄入量出发，将食物分为五层，从底层到顶层依次为：谷物、蔬菜、水果、蛋白质食品、油脂与糖类。金字塔的底层代表了应该摄入最多的食物类别，而最上层则是应该限制摄入的食物。

![cooked food on white ceramic plate](https://images.unsplash.com/photo-1605291535557-4fc6bb3b4d00?ixlib=rb-4.0.3&ixid=MnwxMjA3fDB8MHxzZWFyY2h8MTF8fHByb3RlaW58ZW58MHx8MHx8&w=1000&q=80)

二、健康饮食金字塔的作用

1. 提供科学的营养指导：健康饮食金字塔以科学的方式为我们提供了合理的饮食指导，帮助我们根据自己的需要摄入足够的营养素，建立合理的饮食结构。

2. 促进健康的生活方式：健康饮食金字塔指导我们选择更多的水果、蔬菜、全谷物和蛋白质来源，而限制油脂和糖的摄入量。这有助于减少饮食中不必要的能量和脂肪的摄入，从而提高身体的代谢效率，降低患病风险。

3. 调整饮食结构：健康饮食金字塔鼓励我们多摄入谷物、蔬菜和水果，减少糖和脂肪的摄入量。这有助于调整我们的饮食结构，更好地满足身体各方面的营养需要，提高身体的免疫力和抗病能力

   而在金字塔的下部，推荐了多种富含营养的食物，如全谷类、蔬菜、水果、豆类、坚果、种子和低脂肪的乳制品。这些食物富含膳食纤维、维生素、矿物质和其他营养素，对于维持健康非常重要。而在金字塔的中间，推荐了富含蛋白质的食物，如肉类、鱼类、家禽、豆类和坚果等。这些食物不仅提供身体所需的蛋白质，还含有多种必需的营养素。

   在金字塔的上部，推荐了脂肪、糖和盐的摄入量要适量，因为过量的摄入会对健康产生负面影响。高脂肪食物和高糖食物会导致肥胖和慢性疾病，如心脏病和糖尿病。高盐食物则会增加高血压的风险。

   总的来说，健康饮食金字塔提供了一个很好的指导，帮助人们了解如何选择健康的食物。通过合理地选择食物，人们可以满足身体的营养需求，并减少慢性疾病的风险。","0","0"
"7","2","如何选择健康饮料？减少摄入含糖饮料的量为何重要？","随着人们对健康的关注度不断提高，选择健康的饮料已成为一种趋势。然而，市面上有许多种饮料，如何选择才能健康饮食呢？此外，为什么要减少含糖饮料的摄入量呢？本文将为大家解答这些问题。","随着人们对健康的关注度不断提高，选择健康的饮料已成为一种趋势。然而，市面上有许多种饮料，如何选择才能健康饮食呢？此外，为什么要减少含糖饮料的摄入量呢？本文将为大家解答这些问题。

一、选择健康饮料的建议

1. 建议多饮白开水。白开水是最健康的饮料之一，无糖、无热量，可以有效地帮助身体排毒。而且，它也能够满足人体对水分的需求。

2. 选择低脂或无脂牛奶。牛奶富含蛋白质、钙和维生素D等营养物质，对于维持骨骼健康和增强免疫力都非常重要。但是，如果你担心牛奶中的脂肪会让你发胖，建议选择低脂或无脂牛奶。

3. 饮用红茶或绿茶。茶富含抗氧化物质，对于防止衰老和预防癌症有一定的作用。同时，茶还可以提高警觉性和注意力，有助于改善心情和减轻压力。

4. 饮用100%果汁。果汁含有大量的维生素C和其他营养物质，但是它也含有高糖分。如果你选择饮用果汁，建议选择100%纯果汁，而非加糖果汁。

5. 减少咖啡因的摄入。虽然适量的咖啡因可以提高警觉性和注意力，但摄入过多会对身体健康产生负面影响。建议每天饮用的咖啡因不超过300毫克，这相当于3杯8盎司的咖啡。

   除了饮用水以外，有哪些可以选择健康的饮料呢？

   茶类饮料是一种健康的选择。茶叶富含多种天然化合物，例如茶多酚、儿茶素和茶氨酸等，这些化合物被认为对健康有益。茶叶的这些天然成分具有抗氧化、降血压、减肥等作用。如果您不喜欢喝纯茶，也可以选择添加低脂牛奶或蜂蜜等健康成分，制作自己的茶饮。

   果汁是另一种可以选择的健康饮品，但是需要注意的是，应该选择100%的纯果汁。市场上许多果汁饮料中添加了大量的糖分，会影响到我们的健康。如果您喜欢喝果汁，建议您自己制作果汁，使用新鲜水果，而不是选择市售的果汁饮料。

   再者，奶类饮品也是健康饮品的一种。牛奶和豆浆都富含蛋白质、钙和其他营养成分。如果您是素食主义者或者对乳制品过敏，也可以选择豆浆或者其他豆类饮品。

   总之，健康饮料的选择应该尽量避免添加糖分过多的饮料，而是选择营养丰富的天然饮品。选择健康饮料不仅能够满足身体的需求，也能够帮助我们保持良好的健康状态。","0","0"
"8","2","多彩的水果与蔬菜","菜和水果是人们日常饮食中不可或缺的一部分，它们不仅可以为我们提供丰富的营养素，还可以帮助我们保持健康。今天我们将介绍不同颜色蔬菜和水果的营养素，并分享如何在饮食中获得足够的水果和蔬菜。","菜和水果是人们日常饮食中不可或缺的一部分，它们不仅可以为我们提供丰富的营养素，还可以帮助我们保持健康。今天我们将介绍不同颜色蔬菜和水果的营养素，并分享如何在饮食中获得足够的水果和蔬菜。

蔬菜和水果可以根据颜色分为红色、橙色、黄色、绿色、紫色和白色等。每种颜色的水果和蔬菜都有其独特的营养价值。

首先是红色蔬菜和水果，如西红柿、红萝卜、草莓等。这些食物含有丰富的番茄红素、花青素和类胡萝卜素等营养素，具有抗氧化和抗炎作用，有助于预防癌症和心血管疾病等慢性病。

其次是橙色和黄色的蔬菜和水果，如南瓜、胡萝卜、柑橘等。这些食物富含β-胡萝卜素、维生素C等营养素，可以帮助增强免疫力，维持皮肤健康，并对视力保健有益。

第三是绿色蔬菜和水果，如菠菜、柠檬、苹果等。这些食物富含叶绿素、维生素K和叶酸等营养素，有助于保持心血管健康、骨骼健康和神经系统功能。

第四是紫色蔬菜和水果，如葡萄、茄子、紫甘蓝等。这些食物富含花青素、维生素C和维生素K等营养素，可以帮助降低血压、预防心血管疾病和癌症等慢性病。

最后是白色蔬菜和水果，如白菜、芹菜、香蕉等。这些食物富含维生素C、矿物质和膳食纤维等营养素，有助于提高免疫力、预防贫血和促进肠道健康。

另外，如果想要获得更多的营养素，可以选择多样化的蔬菜和水果颜色。不同颜色的蔬菜和水果含有不同种类的营养素，如红色水果和蔬菜（如西红柿、红橙子、红辣椒）富含类胡萝卜素和番茄红素，有助于维持良好的视力和皮肤健康；绿色蔬菜（如菠菜、芦笋、青椒）含有丰富的叶绿素、维生素C和叶酸，有助于增强免疫力、保持心脏健康和预防癌症；紫色和蓝色水果和蔬菜（如蓝莓、紫甘蓝、茄子）富含类黄酮和花青素，有助于抗氧化和降低慢性疾病的风险。

所以，如何在日常饮食中获得足够的水果和蔬菜呢？以下是一些简单的建议：

1.每天至少摄入5份水果和蔬菜。一份蔬菜相当于半杯熟蔬菜或一杯生菜，一份水果相当于一个中等大小的水果。

2.选择新鲜的水果和蔬菜，尽量避免加工过的食品。

3.在每餐中都添加水果和蔬菜。例如在早餐时加入一些蔬菜到蛋饼或者在午餐时添加一些水果到酸奶里。

4.尝试新的蔬菜和水果，选择不同颜色的品种，以获得不同的营养素。

5.使用多样化的烹饪方法，如生食、蒸煮、炒、烤等，以便获得更多的口感和味道。

总之，蔬菜和水果是健康饮食的基石，每个人都应该在日常饮食中摄入足够的水果和蔬菜。通过多样化的选择和烹饪方法，可以获得各种营养素，并为身体健康打下良好的基础。","0","0"
"9","2","掌握蛋白质，健康从饮食开始","蛋白质是身体的重要构成物质之一，也是人体必需的营养素之一。它对维护身体健康和发挥各种生理功能都至关重要。那么，蛋白质到底有什么作用呢？又该如何在饮食中获得足够的蛋白质呢？","蛋白质是身体的重要构成物质之一，也是人体必需的营养素之一。它对维护身体健康和发挥各种生理功能都至关重要。那么，蛋白质到底有什么作用呢？又该如何在饮食中获得足够的蛋白质呢？

蛋白质的重要性

蛋白质是人体构成组织和器官的基础，它包括了20种氨基酸，可以用于建立和修复身体各种组织，如肌肉、皮肤、骨骼、血管、内脏等等。此外，蛋白质也是身体内一些重要物质的合成原料，比如抗体、激素、酶等等。蛋白质还能维持血液的酸碱平衡，是免疫系统的重要组成部分，可以帮助身体应对疾病。

蛋白质的需求量

蛋白质的需求量因人而异，通常取决于年龄、性别、身体状况、身体活动量、体重和健康状况等因素。根据世界卫生组织（WHO）的建议，成人每天应摄入0.8克/千克体重的蛋白质。例如，一个体重为70公斤的人每天需要摄入56克蛋白质。

对于某些人群，例如运动员、孕妇、哺乳期妇女、老年人等，蛋白质的需求量可能更高。这些人群需要根据自身情况增加蛋白质的摄入量，以维持身体的正常运转。

![cooked food on white ceramic plate](https://images.unsplash.com/photo-1605291535557-4fc6bb3b4d00?ixlib=rb-4.0.3&ixid=MnwxMjA3fDB8MHxzZWFyY2h8MTF8fHByb3RlaW58ZW58MHx8MHx8&w=1000&q=80)

那么如何在饮食中获得足够的蛋白质呢？蛋白质主要存在于动物性食品和一些豆类、坚果、种子等食物中。以下是一些常见的蛋白质来源：

- 肉类：鸡肉、牛肉、猪肉、羊肉等。
- 鱼类：鲑鱼、金枪鱼、鳕鱼等。
- 蛋类：鸡蛋、鸭蛋等。
- 奶制品：牛奶、酸奶、奶酪等。
- 豆类：豆腐、豆浆、黄豆、绿豆等。
- 坚果和种子：杏仁、核桃、芝麻等。

除了以上的食物，还有一些素食者常用的肉类替代品，例如大豆蛋白、素鸡块等，也是很好的蛋白质来源。

虽然蛋白质是身体的重要组成部分，但并不是摄入越多越好。具体的蛋白质需求量因个体差异而异，取决于年龄、性别、身体活动水平等因素。根据世界卫生组织的建议，成年人每天的蛋白质摄入量应该占总热量的10%至15%左右。例如，一个成年女性每天需要大约46克的蛋白质，一个成年男性需要大约56克的蛋白质。而对于肌肉健身者来说，每天的蛋白质需求量可能更高，需要根据自己的情况进行调整。

总之，蛋白质是身体健康所必需的重要营养素之一，每个人都需要摄取足够的蛋白质。在选择蛋白质来源时，应该根据自己的饮食习惯和身体需求来选择适当的食物。同时，也需要注意蛋白质的摄入量。","0","0"
"10","1","关于蓝莓，你知道多少","盘点蓝莓的功效与价值"," ## 营养价值
  
  蓝莓含有丰富的维生素、矿物质和抗氧化剂。它们富含维生素C、维生素K、锰、纤维等营养成分。

  ![testImage](https://images.unsplash.com/photo-1606757389667-45c2024f9fa4?ixlib=rb-4.0.3&ixid=MnwxMjA3fDB8MHxwaG90by1wYWdlfHx8fGVufDB8fHx8&auto=format&fit=crop&w=1740&q=80)

  ## 健康益处
  
  1. **抗氧化**：蓝莓含有大量的抗氧化剂，有助于对抗自由基，保护身体免受氧化应激和炎症的侵害。
  2. **心血管健康**：蓝莓有助于降低心血管疾病的风险，因为它们有助于降低血压、改善胆固醇水平和支持动脉健康。
  3. **认知功能**：研究表明，蓝莓有助于改善大脑功能，保持良好的记忆和注意力。
  4. **消化健康**：蓝莓含有大量纤维，有助于维持消化道健康，预防便秘。
  
  ## 食用方法
  
  蓝莓可以以多种形式食用，如新鲜水果、果酱、果汁、冷冻食品、干果等。可以将其添加到燕麦、酸奶、沙拉、烘焙食品等中，创造美味而健康的食谱。
  
  
  蓝莓含有丰富的维生素、矿物质和抗氧化剂。它们富含维生素C、维生素K、锰、纤维等营养成分。

  ![testImage](https://images.unsplash.com/photo-1606757389667-45c2024f9fa4?ixlib=rb-4.0.3&ixid=MnwxMjA3fDB8MHxwaG90by1wYWdlfHx8fGVufDB8fHx8&auto=format&fit=crop&w=1740&q=80)

  ## 健康益处
  
  1. **抗氧化**：蓝莓含有大量的抗氧化剂，有助于对抗自由基，保护身体免受氧化应激和炎症的侵害。
  2. **心血管健康**：蓝莓有助于降低心血管疾病的风险，因为它们有助于降低血压、改善胆固醇水平和支持动脉健康。
  3. **认知功能**：研究表明，蓝莓有助于改善大脑功能，保持良好的记忆和注意力。
  4. **消化健康**：蓝莓含有大量纤维，有助于维持消化道健康，预防便秘。
  
  ## 食用方法
  
  蓝莓可以以多种形式食用，如新鲜水果、果酱、果汁、冷冻食品、干果等。可以将其添加到燕麦、酸奶、沙拉、烘焙食品等中，创造美味而健康的食谱。
  
  ","1","0"
"22","10","老年人健康运动","指导老年人如何进行适合的健康运动","随着年龄的增长，老年人需要关注身体健康和保持活力。本文将介绍适合老年人的健康运动，如步行、太极拳、水中运动等，并提供相关的运动指导和注意事项。我们会强调适度和安全性，帮助老年人选择适合自己的运动方式，并避免运动中的受伤风险。通过老年人健康运动，老年人可以保持身体灵活性、心肺功能和骨密度的稳定。","1","0"
"23","11","慢跑训练","介绍慢跑训练的好处和技巧","慢跑是一种简单而有效的有氧运动方式，对健康和身体素质有很多好处。本文将介绍慢跑训练的好处，如增强心肺功能、控制体重、改善心理健康等，并提供慢跑训练的技巧和建议。我们会分享如何开始慢跑训练、如何制定合理的训练计划以及如何避免常见的跑步伤害。通过慢跑训练，我们可以享受运动的乐趣，同时改善身体健康。","0","0"
"24","12","有氧健身操","介绍有氧健身操的特点和适用人群","有氧健身操是一种融合了舞蹈、健身和音乐的有氧运动方式。本文将介绍有氧健身操的特点，如全身肌肉的参与、节奏感和协调性的训练等，并说明适合参与有氧健身操的人群。我们会分享一些经典的有氧健身操动作和常见的训练方法，帮助读者开始有氧健身操的练习。通过有氧健身操，我们可以提高心肺功能、塑造身体线条和释放压力。","0","0"
"25","13","普拉提训练","介绍普拉提训练的原理和效果","普拉提是一种注重身体核心力量和灵活性的训练方法。本文将介绍普拉提训练的原理，如呼吸控制、核心稳定性和肌肉协调性等，并说明普拉提训练的效果，如改善体姿、提高肌肉力量和促进身心平衡等。我们会分享一些常见的普拉提动作和训练计划，帮助读者开始普拉提的练习。通过普拉提训练，我们可以提升身体的稳定性、柔韧性和运动效能。","0","0"
"26","14","瑜伽高阶","介绍瑜伽高阶练习和挑战","瑜伽是一种综合性的身心锻炼方式，有助于增强身体的柔韧性、平衡力和力量。本文将介绍瑜伽高阶练习和挑战，如倒立、后弯和平衡式等，并提供瑜伽高阶练习的技巧和指导。我们会强调安全性和逐步提升的原则，帮助读者逐步挑战更高难度的瑜伽练习。通过瑜伽高阶练习，我们可以挑战自我、提升身心素质和探索瑜伽的更深层次。","0","0"
"27","7","睡眠质量提升","提供改善睡眠质量的方法和建议","良好的睡眠对健康和生活质量至关重要。本文将介绍如何提升睡眠质量的方法和技巧，包括建立健康的睡眠环境、保持规律的睡眠时间、采用放松的睡前习惯等。我们还会分享一些改善睡眠质量的生活方式和自然方法，如调整饮食、锻炼身体和减轻压力等。通过遵循睡眠质量提升的指南，我们可以获得更加深度和恢复力的睡眠，提升身心健康。","0","0"
"28","8","康复训练","介绍康复训练的重要性和常见的康复训练项目","康复训练是帮助人们恢复健康和功能的专业训练方法。本文将介绍康复训练的重要性，包括帮助康复患者重建身体功能、减轻疼痛、提高生活质量等。我们还会列举一些常见的康复训练项目，如肌肉强化、平衡训练、柔韧性训练等，并提供相关的指导和注意事项。通过康复训练，我们可以帮助患者重新获得健康和活力。","0","0"
"29","2","科学减肥方法","介绍科学有效的减肥秘籍","减肥是很多人关注的话题，但是如何科学有效地减肥是一个挑战。本文将介绍一些科学减肥的方法和秘籍，如合理控制饮食、增加运动量和改变生活习惯等，并提供一些建议和实用技巧。我们会强调健康减重和持久性的原则，帮助读者树立正确的减肥观念并实现减肥目标。通过科学减肥，我们可以改善体型、提升自信和改善整体健康状况。","0","0"
"30","2","营养平衡的饮食指南","指导健康的饮食搭配和营养平衡","营养平衡的饮食是维持健康的重要因素之一。本文将提供一份营养平衡的饮食指南，包括各类营养素的摄入建议、食物搭配的原则和健康饮食的技巧。我们会分享一些实用的食谱和菜单，帮助读者实现营养均衡的饮食目标。通过遵循营养平衡的饮食指南，我们可以满足身体的营养需求、提供充足的能量和维持健康的体态。","0","0"
"31","3","增肌训练秘籍","介绍增肌训练的原理和方法","增肌训练是帮助人们增加肌肉质量和力量的训练方法。本文将介绍增肌训练的原理和方法，如重量训练、肌肉生长原理和营养补充等，并提供一些增肌训练的实用建议和技巧。我们会强调适度和持续性的原则，帮助读者制定适合自己的增肌计划。通过增肌训练，我们可以增加肌肉质量、改善身体素质和塑造健美的体型。","0","0"
"32","3","健康减肥的秘诀","分享健康减肥的秘诀和方法","健康减肥是一种注重身体健康和长期效果的减肥方式。本文将分享一些健康减肥的秘诀和方法，如合理控制饮食、增加运动、培养良好的生活习惯等，并提供一些实用的减肥建议和技巧。我们会强调健康和可持续性的原则，帮助读者实现健康减肥的目标。通过健康减肥，我们可以改善体型、提升自信和促进整体健康。","1","0"
"33","4","有氧运动指南","指导有氧运动的原理和方法","有氧运动是一种能够提高心肺功能和燃烧脂肪的运动方式。本文将介绍有氧运动的原理和方法，如有氧运动的类型、训练强度和时长等，并提供一些实用的有氧运动指导和技巧。我们会强调适度和循序渐进的原则，帮助读者制定合理的有氧运动计划。通过有氧运动，我们可以改善心肺功能、增加代谢率和维持健康的体重。","0","0"
"34","4","肌肉训练基础知识","介绍肌肉训练的基本原理和方法","肌肉训练是一种通过锻炼肌肉来增加力量和塑造体型的训练方式。本文将介绍肌肉训练的基本原理和方法，如肌肉生长原理、训练计划和重量训练技巧等，并提供一些肌肉训练的实用建议和指导。我们会强调适度和正确性的原则，帮助读者制定适合自己的肌肉训练方案。通过肌肉训练，我们可以增加力量、塑造健美的身体和提升运动表现。","1","0"
"35","5","有氧运动的好处","探讨有氧运动对健康的益处","有氧运动是一种对心血管系统和健康非常有益的运动方式。本文将探讨有氧运动的好处，如改善心肺功能、促进脂肪燃烧和预防慢性疾病等，并提供一些有氧运动的实践建议和技巧。我们会强调适度和持续性的原则，帮助读者养成有氧运动的习惯。通过有氧运动，我们可以增加体力、提升心肺功能和改善整体健康状况。","0","0"
"36","5","有氧运动的训练方法","介绍有氧运动的训练原理和方法","有氧运动是一种通过增加心率和呼吸频率来提高身体代谢和消耗热量的运动方式。本文将介绍有氧运动的训练原理和方法，如选择合适的运动项目、控制运动强度和持续时间等，并提供一些有氧运动的训练建议和技巧。我们会强调适度和循序渐进的原则，帮助读者安全有效地进行有氧运动。通过有氧运动，我们可以改善心肺功能、减少体脂肪和提升身体耐力。","0","0"
"37","6","瑜伽初级入门","指导瑜伽初学者的基本姿势和呼吸法","瑜伽是一种通过调节身体姿势和呼吸来实现身心平衡的练习方法。本文将介绍瑜伽的初级入门知识，包括基本的瑜伽姿势、呼吸法和冥想技巧等，并提供一些适合初学者的瑜伽练习建议和指导。我们会强调正确性和持续性的原则，帮助读者建立健康的瑜伽习惯。通过瑜伽练习，我们可以提升身体灵活性、减轻压力和改善内心状态。","0","0"
"38","6","瑜伽进阶训练","介绍瑜伽高级姿势和深度练习","瑜伽是一种可以持续提升的练习方法，不仅可以增强身体力量和柔韧性，还可以提升内心的平静和集中力。本文将介绍瑜伽的进阶训练，包括高级瑜伽姿势、流瑜伽和瑜伽冥想等，并提供一些瑜伽进阶练习的技巧和指导。我们会强调安全性和适应性的原则，帮助读者实现瑜伽练习的进阶目标。通过瑜伽进阶训练，我们可以挑战自我、提升练习水平和享受身心的和谐。","1","0"
"39","7","改善睡眠质量的方法","分享提升睡眠质量的实用方法","良好的睡眠质量对健康至关重要。本文将分享一些改善睡眠质量的方法，如建立健康的睡眠习惯、创造良好的睡眠环境和调节生物钟等，并提供一些实用的睡眠改善技巧和建议。我们会强调规律性和舒适性的原则，帮助读者培养良好的睡眠习惯。通过改善睡眠质量，我们可以提高睡眠效果、恢复精力和维护身心健康。","0","0"
"40","7","减压放松的睡前练习","介绍减压放松的睡前练习方法","睡前的减压放松练习可以帮助我们放松身心，促进入睡和提升睡眠质量。本文将介绍一些减压放松的睡前练习方法，如深呼吸、温和伸展和冥想等，并提供一些实用的睡前放松技巧和建议。我们会强调适度和舒适性的原则，帮助读者选择适合自己的睡前练习。通过减压放松的睡前练习，我们可以减少压力、舒缓身心和改善睡眠质量。","0","0"
"41","8","康复训练指南","指导康复训练的原理和方法","康复训练是一种通过运动和锻炼来促进康复和恢复功能的训练方式。本文将介绍康复训练的原理和方法，如康复训练的阶段、常见康复训练项目和技术等，并提供一些康复训练的实用建议和指导。我们会强调个体化和循序渐进的原则，帮助读者制定适合自己的康复训练计划。通过康复训练，我们可以恢复功能、提高生活质量和促进身体康复。","0","0"
"42","8","康复训练的常见错误","介绍康复训练中常见的错误和注意事项","康复训练是一项专业的训练活动，要注意正确的方法和避免常见的错误。本文将介绍康复训练中常见的错误和注意事项，如过度训练、姿势不正确和忽视休息等，并提供一些建议和技巧，帮助读者避免这些错误。我们会强调安全性和个体化的原则，帮助读者在康复训练中获得最佳效果。通过避免康复训练中的常见错误，我们可以减少潜在的风险、提高训练效果和促进身体康复。","0","0"
"43","9","孕期健康运动指南","指导孕妇进行安全健康运动的原则和方法","孕期健康运动对于孕妇和胎儿的健康都非常重要。本文将介绍孕期健康运动的指南，包括安全性原则、适宜的运动项目和注意事项等，并提供一些孕期健康运动的实用建议和指导。我们会强调适度和个体化的原则，帮助孕妇制定适合自己的健康运动计划。通过孕期健康运动，孕妇可以提升身体健康、缓解不适和促进胎儿发育。","0","0"
"44","9","孕期瑜伽练习","介绍孕期适宜的瑜伽练习方法和注意事项","孕期瑜伽是一种适合孕妇的轻度运动方式，可以帮助孕妇保持身体的灵活性和放松心情。本文将介绍孕期瑜伽的练习方法和注意事项，如适宜的瑜伽姿势、呼吸法和避免过度伸展等，并提供一些孕期瑜伽练习的实用建议和指导。我们会强调舒适性和安全性的原则，帮助孕妇在孕期安全有效地进行瑜伽练习。通过孕期瑜伽练习，孕妇可以放松身心、缓解不适和促进胎儿健康发育。","0","0"
"45","10","老年人健康运动指南","指导老年人进行适宜的健康运动","老年人健康运动对于保持身体健康和提高生活质量非常重要。本文将介绍老年人健康运动的指南，包括安全性原则、适宜的运动项目和注意事项等，并提供一些老年人健康运动的实用建议和指导。我们会强调适度和个体化的原则，帮助老年人选择适合自己的健康运动方式。通过老年人健康运动，我们可以保持身体灵活性、提高心肺功能和增加社交互动。","2","0"
"46","10","老年人徒手训练","介绍老年人适宜的徒手训练方法和技巧","徒手训练是老年人适宜的一种锻炼方式，可以增强肌肉力量和改善身体平衡能力。本文将介绍老年人徒手训练的方法和技巧，如推、拉、提、下蹲和平衡练习等，并提供一些老年人徒手训练的实用建议和指导。我们会强调安全性和个体化的原则，帮助老年人进行适合自己的徒手训练。通过老年人徒手训练，我们可以增强肌肉力量、改善身体功能和提高生活质量。","1","0"
"47","11","慢跑训练入门","指导慢跑初学者的训练方法和技巧","慢跑是一种简单且易于开始的有氧运动，可以帮助提高心肺功能和减轻压力。本文将介绍慢跑训练的入门知识，包括正确的跑步姿势、适宜的训练计划和防护措施等，并提供一些慢跑初学者的训练建议和指导。我们会强调循序渐进和个体化的原则，帮助初学者建立健康的慢跑习惯。通过慢跑训练，我们可以提升心肺功能、增加代谢和改善整体健康。","0","0"
"48","11","慢跑训练进阶","介绍慢跑爱好者的进阶训练方法和技巧","慢跑是一种可以持续进阶的运动方式，可以提高耐力和挑战个人极限。本文将介绍慢跑训练的进阶知识，包括增加跑量、强化训练和间歇训练等，并提供一些慢跑进阶者的训练建议和指导。我们会强调个体化和安全性的原则，帮助慢跑爱好者实现进阶目标。通过慢跑训练的进阶，我们可以挑战自我、提高耐力和享受跑步的乐趣。","0","0"
"49","12","有氧健身操训练","指导有氧健身操的训练方法和技巧","有氧健身操是一种融合了舞蹈和有氧运动的全身训练方式，可以提高心肺功能和塑造身体线条。本文将介绍有氧健身操的训练方法和技巧，包括基本的动作组合、节奏控制和呼吸调节等，并提供一些有氧健身操的训练建议和指导。我们会强调适应性和节奏感的原则，帮助读者掌握有氧健身操的训练要领。通过有氧健身操训练，我们可以提高心肺功能、燃烧卡路里和增加活力。","0","0"
"50","12","有氧健身操的舞蹈风格","介绍有氧健身操的不同舞蹈风格和特点","有氧健身操可以融入不同的舞蹈风格，给训练带来更多的乐趣和变化。本文将介绍有氧健身操的不同舞蹈风格和特点，如拉丁舞、爵士舞和街舞等，并提供一些不同舞蹈风格的有氧健身操训练建议和指导。我们会强调音乐感和动感性的原则，帮助读者选择适合自己的有氧健身操舞蹈风格。通过有氧健身操的舞蹈风格，我们可以增加乐趣、提高动感和促进身体健康。","0","0"
"51","13","普拉提训练入门","指导普拉提初学者的训练方法和技巧","普拉提是一种以身体控制和核心力量为基础的训练方式，可以增强肌肉力量和改善身体姿势。本文将介绍普拉提训练的入门知识，包括基本的动作和呼吸法、核心力量训练和柔韧性训练等，并提供一些普拉提初学者的训练建议和指导。我们会强调正确性和平衡性的原则，帮助初学者建立健康的普拉提训练习惯。通过普拉提训练，我们可以改善身体姿势、增强核心力量和提高身体稳定性。","0","0"
"52","13","普拉提训练进阶","介绍普拉提爱好者的进阶训练方法和技巧","普拉提是一种可以持续进阶的训练方式，可以挑战核心力量和提高身体稳定性。本文将介绍普拉提训练的进阶知识，包括增加难度、加入器械和挑战动作等，并提供一些普拉提爱好者的训练建议和指导。我们会强调个体化和平衡性的原则，帮助普拉提爱好者实现进阶目标。通过普拉提训练的进阶，我们可以挑战核心力量、提高身体稳定性和锻炼全身肌肉。","0","0"
"53","14","瑜伽高阶练习","指导瑜伽爱好者进行高阶练习","瑜伽是一种综合性的身心训练方式，可以提升灵活性、平衡力和内心宁静。本文将介绍瑜伽高阶练习的知识和技巧，如挑战性的体式、深度呼吸和冥想等，并提供一些瑜伽爱好者的高阶练习建议和指导。我们会强调专注和适应性的原则，帮助瑜伽爱好者探索更深层次的练习境界。通过瑜伽的高阶练习，我们可以提高身体灵活性、增强内外均衡和培养内心宁静。","4","0"
"54","15","核心力量训练入门","指导初学者进行核心力量训练","核心力量训练是一种锻炼腹部、背部和骨盆肌肉的训练方式，可以提高身体稳定性和运动效果。本文将介绍核心力量训练的入门知识，包括核心肌群的组成、基本的训练动作和注意事项等，并提供一些初学者的核心力量训练建议和指导。我们会强调正确性和逐渐增加难度的原则，帮助初学者建立健康的核心力量训练习惯。通过核心力量训练的入门，我们可以改善身体姿势、增加身体稳定性和提高运动效果。","0","0"
"55","15","核心力量训练进阶","介绍核心力量训练的进阶方法和技巧","核心力量训练是一种可以持续进阶的训练方式，可以挑战肌肉力量和提高身体稳定性。本文将介绍核心力量训练的进阶知识，包括增加难度、加入器械和挑战动作等，并提供一些核心力量训练的进阶建议和指导。我们会强调个体化和平衡性的原则，帮助读者实现进阶目标。通过核心力量训练的进阶，我们可以挑战肌肉力量、提高身体稳定性和改善运动表现。","0","0"
"56","16","HIIT训练入门","指导初学者进行高强度间歇训练","高强度间歇训练（HIIT）是一种以高强度运动和间歇休息为特点的训练方式，可以提高心肺功能和燃烧脂肪。本文将介绍HIIT训练的入门知识，包括基本的训练原则、适宜的训练时间和强度等，并提供一些初学者的HIIT训练建议和指导。我们会强调安全性和适应性的原则，帮助初学者开始高强度间歇训练。通过HIIT训练的入门，我们可以提高心肺功能、增加代谢和燃烧脂肪。","1","0"
"57","1","营养学基础知识","介绍营养学的基本概念和原理","营养学是研究食物与人体营养关系的科学领域。本文将介绍营养学的基础知识，如营养素的分类、消化吸收过程和营养需求等，并探讨食物与健康的关系。我们会提供一些实用的营养学指导，帮助读者了解如何获得均衡的饮食和养成健康的饮食习惯。通过学习营养学，我们可以更好地了解食物的作用和如何优化自己的营养摄入。","2","1"
"58","1","饮食与健康","探讨饮食对健康的影响","饮食是影响健康的重要因素之一。本文将探讨饮食与健康之间的关系，如合理的饮食结构、营养均衡和食物选择等，并介绍一些科学的饮食指南和健康饮食的实践方法。我们会强调适度和多样化的原则，帮助读者建立健康的饮食习惯。通过关注饮食与健康，我们可以改善身体状况、预防慢性疾病和提升生活质量。","0","0"
"60","8","康复训练的重要性","介绍康复训练的重要性和作用","康复训练是一种针对身体功能障碍或受伤后的恢复和改善的训练方式。本文将介绍康复训练的重要性和作用，包括促进康复、提高功能和提升生活质量等，并分享一些常见的康复训练方法。我们会强调个体化计划和专业指导的原则，帮助读者了解康复训练的基本知识和实施方法。通过康复训练，我们可以恢复身体功能、减轻疼痛和提高生活自理能力。","0","0"
"61","9","孕期健康运动指南","介绍孕期健康运动的重要性和注意事项","孕期健康运动对于准妈妈和胎儿的健康都有益处。本文将介绍孕期健康运动的重要性和注意事项，包括适宜的运动类型、运动强度和避免的运动等，并提供一些实用的孕期健康运动指南。我们会强调安全性和适应性的原则，帮助准妈妈们选择适合自己的运动方式和制定合理的运动计划。通过孕期健康运动，准妈妈们可以改善心肺功能、增强肌肉力量和缓解孕期不适。","0","0"
"62","10","老年人健康运动的重要性","介绍老年人健康运动的重要性和益处","老年人健康运动对于保持健康和延缓衰老有着重要的作用。本文将介绍老年人健康运动的重要性和益处，包括增强心肺功能、提高骨密度和改善平衡能力等，并分享一些适合老年人的健康运动建议。我们会强调渐进式和多样化的原则，帮助老年人选择合适的运动方式和制定适宜的运动计划。通过老年人健康运动，我们可以提高生活质量、减少疾病风险和增加社交互动。","4","0"
"63","11","慢跑训练的技巧和方法","分享慢跑训练的技巧和方法","慢跑是一种简单而有效的有氧运动方式。本文将分享慢跑训练的技巧和方法，包括正确的跑步姿势、合理的训练计划和防止跑步伤害的注意事项等。我们会强调循序渐进和个体差异的原则，帮助跑步爱好者们提升跑步技能和享受跑步的乐趣。通过慢跑训练，我们可以提高心肺功能、增加耐力和维持健康体重。","0","0"
"64","12","有氧健身操的基本动作","介绍有氧健身操的基本动作和训练方法","有氧健身操是一种结合音乐和舞蹈动作的有氧运动方式。本文将介绍有氧健身操的基本动作和训练方法，包括常见的舞蹈步伐、肢体动作和节奏感等。我们会强调适应性和乐趣体验的原则，帮助读者学习和掌握有氧健身操的基本技巧。通过有氧健身操的训练，我们可以提高心肺功能、增强协调能力和燃烧卡路里。","0","0"
"65","13","普拉提训练的核心原理","介绍普拉提训练的核心原理和基本动作","普拉提是一种以核心肌群训练为主的身体运动方式。本文将介绍普拉提训练的核心原理和基本动作，包括核心稳定性、呼吸技巧和身体姿势调整等。我们会强调正确姿势和适应性练习的原则，帮助读者了解普拉提训练的基本知识和实施方法。通过普拉提训练，我们可以增强核心肌群、改善姿势和提升身体稳定性。","0","0"
"66","14","瑜伽高阶练习","介绍瑜伽高阶练习的挑战和技巧","瑜伽高阶练习是进阶瑜伽爱好者们追求的目标。本文将介绍瑜伽高阶练习的挑战和技巧，包括复杂的体式、平衡挑战和深度伸展等。我们会强调耐心和逐步提升的原则，帮助瑜伽爱好者们探索高阶练习的可能性。通过瑜伽高阶练习，我们可以挑战身体极限、深化内在觉知和提升练习的乐趣。","0","0"
"67","15","核心力量训练的重要性","介绍核心力量训练的重要性和训练方法","核心力量训练对于身体稳定性和功能表现有着重要的影响。本文将介绍核心力量训练的重要性和训练方法，包括核心肌群的结构和功能、常见的核心力量训练动作和训练计划的设计等。我们会强调适应性和全身协调的原则，帮助读者了解核心力量训练的基本知识和实施方法。通过核心力量训练，我们可以增强躯干稳定性、提高运动效率和预防运动伤害。","0","0"
"68","16","HIIT训练的效果和方法","介绍HIIT训练的效果和训练方法","HIIT（高强度间歇训练）是一种高效的有氧运动方式。本文将介绍HIIT训练的效果和训练方法，包括燃烧卡路里、提高代谢率和提升心肺耐力等，并分享一些常见的HIIT训练方案。我们会强调适应性和高强度刺激的原则，帮助读者了解HIIT训练的基本知识和实施方法。通过HIIT训练，我们可以在短时间内获得高效的训练效果、提高运动能力和改善身体素质。","1","0"
"69","17","短程游泳训练的技巧和方法","分享短程游泳训练的技巧和方法","短程游泳训练是提高游泳速度和技术的有效方式。本文将分享短程游泳训练的技巧和方法，包括出发技巧、转身技巧和泳姿调整等。我们会强调循序渐进和个体差异的原则，帮助游泳爱好者们提升游泳技能和享受游泳的乐趣。通过短程游泳训练，我们可以提高爆发力、优化泳姿和增加耐力。","0","0"
"70","18","单车骑行训练的基本知识","介绍单车骑行训练的基本知识和技巧","单车骑行是一种流行的有氧运动方式。本文将介绍单车骑行训练的基本知识和技巧，包括调整座位、掌握变速技巧和合理的训练计划等。我们会强调适应性和个体化的原则，帮助骑行爱好者们享受安全和有效的训练。通过单车骑行训练，我们可以提高心肺功能、增加腿部肌肉力量和改善代谢水平。","0","0"
"71","19","爬山徒步训练的准备和技巧","分享爬山徒步训练的准备和技巧","爬山徒步是一种锻炼全身的户外运动方式。本文将分享爬山徒步训练的准备和技巧，包括合适的装备选择、训练前的热身活动和徒步技巧等。我们会强调安全性和持久力的原则，帮助读者充分准备和享受爬山徒步的乐趣。通过爬山徒步训练，我们可以锻炼心肺耐力、增加腿部力量和欣赏自然风景。","3","0"
"72","20","体能训练的基本要素","介绍体能训练的基本要素和训练方法","体能训练是提高身体素质和运动能力的综合训练方式。本文将介绍体能训练的基本要素和训练方法，包括力量、耐力、灵敏性和柔韧性等方面的训练。我们会强调全面发展和循序渐进的原则，帮助读者制定合理的体能训练计划。通过体能训练，我们可以提高运动表现、预防运动伤害和增强身体适应能力。","0","0"
"73","21","舞蹈健身的魅力和效果","介绍舞蹈健身的魅力和效果","舞蹈健身是一种结合舞蹈动作和有氧运动的健身方式。本文将介绍舞蹈健身的魅力和效果，包括提高身体协调性、燃烧卡路里和释放压力等。我们会强调舞蹈乐趣和个体差异的原则，帮助读者了解舞蹈健身的基本知识和选择适合自己的舞蹈形式。通过舞蹈健身，我们可以锻炼身体、提升自信和享受跳舞的乐趣。","1","1"
"80","1","饮食与免疫力","探讨饮食对免疫力的影响","饮食在免疫力方面扮演着重要的角色。本文将探讨不同营养素对免疫系统的影响，以及如何通过合理的饮食来增强免疫力。我们会介绍免疫系统的基本知识和常见的营养素来源，帮助读者制定有益于免疫力的饮食计划。通过科学合理的饮食，我们可以提高免疫系统的功能，减少感染和疾病的风险。","0","0"
"81","2","营养平衡的重要性","介绍营养平衡对健康的重要性","营养平衡是保持健康的关键。本文将介绍不同营养素的作用和相互关系，以及如何通过合理的饮食来实现营养平衡。我们会强调各类营养素的摄入建议和食物选择的多样性，帮助读者了解营养平衡对健康的益处。通过保持营养平衡，我们可以提供身体所需的营养物质，促进身体各系统的正常功能。","0","0"
"82","3","健康减肥的科学方法","介绍健康减肥的科学方法和注意事项","健康减肥是一项需要科学方法和耐心的过程。本文将介绍健康减肥的基本原则和科学方法，包括合理的饮食控制、适度的运动和良好的生活习惯等。我们会强调快速减肥的风险和长期减肥的可持续性，帮助读者制定健康的减肥计划。通过科学的减肥方法，我们可以达到理想的体重，并改善整体健康状况。","0","0"
"83","4","增肌训练的基本原则","介绍增肌训练的基本原则和方法","增肌训练是一种提高肌肉质量和力量的训练方式。本文将介绍增肌训练的基本原则和方法，包括适当的重量和组数、正确的训练技巧和充分的休息等。我们会强调训练计划的个体化和逐步增加负荷的重要性，帮助读者制定有效的增肌计划。通过科学的增肌训练，我们可以增加肌肉质量、改善体型和提高身体功能。","0","0"
"84","5","有氧运动的效果与方法","介绍有氧运动的效果和常见的运动方式","有氧运动对心血管健康和身体状况有着重要影响。本文将介绍有氧运动的效果和常见的运动方式，包括慢跑、游泳、骑行等。我们会强调适度的运动强度和持续的时间，帮助读者选择适合自己的有氧运动方式。通过有氧运动，我们可以提高心肺功能、燃烧卡路里和改善整体身体健康。","0","0"
"85","6","瑜伽的身心益处","介绍瑜伽对身心健康的益处和基本姿势","瑜伽是一种综合性的身心训练方式。本文将介绍瑜伽的身心益处和基本姿势，包括放松身心、增强柔韧性和提高集中力等。我们会强调瑜伽练习的个体化和呼吸的重要性，帮助读者了解瑜伽的基本原理和实践方法。通过瑜伽练习，我们可以调整身心状态、提高身体灵活性和达到内心的平静。","0","0"
"86","7","改善睡眠质量的方法","介绍改善睡眠质量的方法和注意事项","良好的睡眠质量对健康至关重要。本文将介绍改善睡眠质量的方法和注意事项，包括建立良好的睡眠习惯、调整睡眠环境和管理压力等。我们会强调养成健康的睡眠习惯和避免睡眠障碍的形成，帮助读者改善睡眠质量。通过改善睡眠质量，我们可以提升精力、增强免疫力和改善心理健康。","0","0"
"87","8","康复训练的重要性","介绍康复训练对恢复和功能改善的作用","康复训练是一种恢复和改善功能的训练方式。本文将介绍康复训练的重要性和常见的康复训练项目，包括运动损伤康复、手术康复和慢性病管理等。我们会强调康复训练的个体化和渐进性，帮助读者了解康复训练的原理和实施方法。通过康复训练，我们可以恢复身体功能、改善生活质量和提高自主生活能力。","0","0"
"88","9","孕期健康运动指南","介绍孕期适宜的健康运动方式和注意事项","孕期适宜的健康运动对孕妇和胎儿都有益处。本文将介绍孕期适宜的健康运动指南和注意事项，包括孕期运动的益处、运动的安全性和适宜的运动方式等。我们会强调个体化的运动计划和避免过度劳累，帮助孕妇保持健康的身体状况。通过适宜的健康运动，我们可以促进孕期健康、缓解不适和增强体力。","0","0"
"89","10","老年人健康运动建议","介绍老年人适宜的健康运动建议和注意事项","老年人适宜的健康运动对延缓衰老和改善生活质量有重要作用。本文将介绍老年人适宜的健康运动建议和注意事项，包括运动的类型选择、运动强度的控制和关注身体反应等。我们会强调安全性和个体化的运动计划，帮助老年人享受健康的晚年生活。通过适宜的健康运动，我们可以保持身体功能、预防慢性病和提升生活品质。","3","0"
"90","11","慢跑训练计划","介绍慢跑训练的计划和技巧","慢跑是一种简单且效果显著的有氧运动方式。本文将介绍慢跑训练的计划和技巧，包括逐渐增加跑步距离、合理控制跑步速度和注意休息等。我们会强调慢跑的益处和适应不同水平的训练计划，帮助读者制定适合自己的慢跑训练方案。通过慢跑训练，我们可以提高心肺功能、燃烧脂肪和塑造身材。","0","0"
"91","12","有氧健身操的效果","介绍有氧健身操对身体的效果和常见动作","有氧健身操是一种结合音乐和舞蹈动作的有氧运动方式。本文将介绍有氧健身操对身体的效果和常见动作，包括增强心肺功能、提高协调性和燃烧卡路里等。我们会强调有氧健身操的多样性和适应不同水平的训练计划，帮助读者选择适合自己的有氧健身操课程。通过有氧健身操的训练，我们可以提升身体的代谢水平、改善身体柔韧性和塑造身材。","0","0"
"92","13","普拉提训练的原理","介绍普拉提训练的原理和基本动作","普拉提训练是一种强调核心肌群和身体平衡的训练方式。本文将介绍普拉提训练的原理和基本动作，包括核心稳定性的重要性、呼吸控制和基础动作的演练等。我们会强调正确的姿势和适应不同水平的训练计划，帮助读者了解普拉提训练的核心原则。通过普拉提训练，我们可以增强核心肌群、改善身体姿势和提升身体稳定性。","0","0"
"93","14","瑜伽高阶技巧","介绍瑜伽高阶技巧和挑战","瑜伽是一种注重身心平衡和柔韧度的综合性训练方式。本文将介绍瑜伽高阶技巧和挑战，包括平衡姿势、倒立和深度伸展等。我们会强调适应个体能力和渐进式的练习，帮助读者在瑜伽练习中突破自己。通过瑜伽高阶技巧的练习，我们可以提高身体的柔韧性、增强专注力和深化瑜伽体验。","0","0"
"94","15","核心力量训练方法","介绍核心力量训练的方法和常见动作","核心力量训练是一种增强核心肌群和身体稳定性的训练方式。本文将介绍核心力量训练的方法和常见动作，包括平板支撑、桥式和俯卧撑等。我们会强调正确的姿势和逐渐增加负荷的原则，帮助读者制定有效的核心力量训练计划。通过核心力量训练，我们可以提升核心肌群的稳定性、改善身体姿势和增加运动效率。","0","0"
"95","16","腿部训练的方法和技巧","介绍腿部训练的方法和常见动作","腿部训练是一种重要的力量训练方式，对全身肌肉的发展至关重要。本文将介绍腿部训练的方法和常见动作，包括深蹲、腿举和腿屈伸等。我们会强调正确的姿势和适应个体能力的原则，帮助读者制定综合性的腿部训练计划。通过腿部训练，我们可以增加腿部肌肉的力量和耐力、改善身体比例和提升整体运动能力。","0","0"
"96","17","胸部训练的方法和技巧","介绍胸部训练的方法和常见动作","胸部训练是一种重要的力量训练方式，对上身肌肉的发展至关重要。本文将介绍胸部训练的方法和常见动作，包括卧推、俯卧撑和哑铃飞鸟等。我们会强调正确的姿势和适应个体能力的原则，帮助读者制定综合性的胸部训练计划。通过胸部训练，我们可以增加胸部肌肉的力量和定义度、塑造上身线条和提升运动表现。","0","0"
"97","18","背部训练的方法和技巧","介绍背部训练的方法和常见动作","背部训练是一种重要的力量训练方式，对上身肌肉的平衡和姿势调整至关重要。本文将介绍背部训练的方法和常见动作，包括引体向上、划船和倒立划船等。我们会强调正确的姿势和适应个体能力的原则，帮助读者制定综合性的背部训练计划。通过背部训练，我们可以增加背部肌肉的力量和稳定性、改善姿势和减少上身不适。","0","0"
"98","19","肩部训练的方法和技巧","介绍肩部训练的方法和常见动作","肩部训练是一种重要的力量训练方式，对上身肌肉的平衡和肩关节稳定性至关重要。本文将介绍肩部训练的方法和常见动作，包括推举、侧平举和肩推等。我们会强调正确的姿势和适应个体能力的原则，帮助读者制定综合性的肩部训练计划。通过肩部训练，我们可以增加肩部肌肉的力量和稳定性、改善肩关节的功能和预防肩部相关的问题。","3","1"
"99","20","手臂训练的方法和技巧","介绍手臂训练的方法和常见动作","手臂训练是一种重要的力量训练方式，对上肢肌肉的发展和定义至关重要。本文将介绍手臂训练的方法和常见动作，包括哑铃弯举、臂屈伸和引体向上等。我们会强调正确的姿势和适应个体能力的原则，帮助读者制定综合性的手臂训练计划。通过手臂训练，我们可以增加手臂肌肉的力量和肌肉质量、改善手臂线条和提升上肢功能。","0","0"
